ProductKey,ProductSubcategoryKey,ProductName
210,14,HL Road Frame - Black
211,14,HL Road Frame - Red
212,31,Sport-100 Helmet
213,31,Sport-100 Helmet
214,31,Sport-100 Helmet
215,31,Sport-100 Helmet
216,31,Sport-100 Helmet
217,31,Sport-100 Helmet
218,23,Mountain Bike Socks
219,23,Mountain Bike Socks
220,31,Sport-100 Helmet
221,31,Sport-100 Helmet
222,31,Sport-100 Helmet
223,19,AWC Logo Cap
224,19,AWC Logo Cap
225,19,AWC Logo Cap
226,21,Long-Sleeve Logo Jersey
227,21,Long-Sleeve Logo Jersey
228,21,Long-Sleeve Logo Jersey
229,21,Long-Sleeve Logo Jersey
230,21,Long-Sleeve Logo Jersey
231,21,Long-Sleeve Logo Jersey
232,21,Long-Sleeve Logo Jersey
233,21,Long-Sleeve Logo Jersey
234,21,Long-Sleeve Logo Jersey
235,21,Long-Sleeve Logo Jersey
236,21,Long-Sleeve Logo Jersey
237,21,Long-Sleeve Logo Jersey
238,14,HL Road Frame - Red
239,14,HL Road Frame - Red
240,14,HL Road Frame - Red
241,14,HL Road Frame - Red
242,14,HL Road Frame - Red
243,14,HL Road Frame - Red
244,14,HL Road Frame - Red
245,14,HL Road Frame - Red
246,14,HL Road Frame - Red
247,14,HL Road Frame - Red
248,14,HL Road Frame - Red
249,14,HL Road Frame - Red
250,14,HL Road Frame - Red
251,14,HL Road Frame - Red
252,14,HL Road Frame - Red
253,14,LL Road Frame - Black
254,14,LL Road Frame - Black
255,14,LL Road Frame - Black
256,14,LL Road Frame - Black
257,14,LL Road Frame - Black
258,14,LL Road Frame - Black
259,14,LL Road Frame - Black
260,14,LL Road Frame - Black
261,14,LL Road Frame - Black
262,14,LL Road Frame - Red
263,14,LL Road Frame - Red
264,14,LL Road Frame - Red
265,14,LL Road Frame - Red
266,14,LL Road Frame - Red
267,14,LL Road Frame - Red
268,14,LL Road Frame - Red
269,14,LL Road Frame - Red
270,14,LL Road Frame - Red
271,14,LL Road Frame - Red
272,14,LL Road Frame - Red
273,14,LL Road Frame - Red
274,14,ML Road Frame - Red
275,14,ML Road Frame - Red
276,14,ML Road Frame - Red
277,14,ML Road Frame - Red
278,14,ML Road Frame - Red
279,14,LL Road Frame - Black
280,14,LL Road Frame - Black
281,14,LL Road Frame - Black
282,14,LL Road Frame - Black
283,14,LL Road Frame - Black
284,14,LL Road Frame - Black
285,14,LL Road Frame - Black
286,14,LL Road Frame - Black
287,14,LL Road Frame - Black
288,12,HL Mountain Frame - Silver
289,12,HL Mountain Frame - Silver
290,12,HL Mountain Frame - Silver
291,12,HL Mountain Frame - Silver
292,12,HL Mountain Frame - Silver
293,12,HL Mountain Frame - Silver
294,12,HL Mountain Frame - Silver
295,12,HL Mountain Frame - Silver
296,12,HL Mountain Frame - Black
297,12,HL Mountain Frame - Black
298,12,HL Mountain Frame - Black
299,12,HL Mountain Frame - Black
300,12,HL Mountain Frame - Black
301,12,HL Mountain Frame - Black
302,12,HL Mountain Frame - Black
303,12,HL Mountain Frame - Black
304,12,HL Mountain Frame - Black
305,12,HL Mountain Frame - Black
306,12,HL Mountain Frame - Black
307,12,HL Mountain Frame - Silver
308,12,HL Mountain Frame - Silver
309,12,HL Mountain Frame - Silver
310,2,Road-150 Red
311,2,Road-150 Red
312,2,Road-150 Red
313,2,Road-150 Red
314,2,Road-150 Red
315,2,Road-450 Red
316,2,Road-450 Red
317,2,Road-450 Red
318,2,Road-450 Red
319,2,Road-450 Red
320,2,Road-650 Red
321,2,Road-650 Red
322,2,Road-650 Red
323,2,Road-650 Red
324,2,Road-650 Red
325,2,Road-650 Red
326,2,Road-650 Red
327,2,Road-650 Red
328,2,Road-650 Red
329,2,Road-650 Red
330,2,Road-650 Red
331,2,Road-650 Red
332,2,Road-650 Black
333,2,Road-650 Black
334,2,Road-650 Black
335,2,Road-650 Black
336,2,Road-650 Black
337,2,Road-650 Black
338,2,Road-650 Black
339,2,Road-650 Black
340,2,Road-650 Black
341,2,Road-650 Black
342,2,Road-650 Black
343,2,Road-650 Black
344,1,Mountain-100 Silver
345,1,Mountain-100 Silver
346,1,Mountain-100 Silver
347,1,Mountain-100 Silver
348,1,Mountain-100 Black
349,1,Mountain-100 Black
350,1,Mountain-100 Black
351,1,Mountain-100 Black
352,1,Mountain-200 Silver
353,1,Mountain-200 Silver
354,1,Mountain-200 Silver
355,1,Mountain-200 Silver
356,1,Mountain-200 Silver
357,1,Mountain-200 Silver
358,1,Mountain-200 Black
359,1,Mountain-200 Black
360,1,Mountain-200 Black
361,1,Mountain-200 Black
362,1,Mountain-200 Black
363,1,Mountain-200 Black
364,1,Mountain-300 Black
365,1,Mountain-300 Black
366,1,Mountain-300 Black
367,1,Mountain-300 Black
368,2,Road-250 Red
369,2,Road-250 Red
370,2,Road-250 Red
371,2,Road-250 Red
372,2,Road-250 Red
373,2,Road-250 Black
374,2,Road-250 Black
375,2,Road-250 Black
376,2,Road-250 Black
377,2,Road-250 Black
378,2,Road-250 Black
379,2,Road-250 Black
380,2,Road-250 Black
381,2,Road-550-W Yellow
382,2,Road-550-W Yellow
383,2,Road-550-W Yellow
384,2,Road-550-W Yellow
385,2,Road-550-W Yellow
386,2,Road-550-W Yellow
387,2,Road-550-W Yellow
388,2,Road-550-W Yellow
389,2,Road-550-W Yellow
390,2,Road-550-W Yellow
391,10,LL Fork
392,10,ML Fork
393,10,HL Fork
394,11,LL Headset
395,11,ML Headset
396,11,HL Headset
397,4,LL Mountain Handlebars
398,4,LL Mountain Handlebars
399,4,ML Mountain Handlebars
400,4,ML Mountain Handlebars
401,4,HL Mountain Handlebars
402,4,HL Mountain Handlebars
403,4,LL Road Handlebars
404,4,LL Road Handlebars
405,4,ML Road Handlebars
406,4,ML Road Handlebars
407,4,HL Road Handlebars
408,4,HL Road Handlebars
409,12,ML Mountain Frame - Black
410,17,LL Mountain Front Wheel
411,17,ML Mountain Front Wheel
412,17,HL Mountain Front Wheel
413,17,LL Road Front Wheel
414,17,ML Road Front Wheel
415,17,HL Road Front Wheel
416,17,Touring Front Wheel
417,14,ML Road Frame-W - Yellow
418,14,ML Road Frame-W - Yellow
419,17,LL Mountain Rear Wheel
420,17,ML Mountain Rear Wheel
421,17,HL Mountain Rear Wheel
422,17,LL Road Rear Wheel
423,17,ML Road Rear Wheel
424,17,HL Road Rear Wheel
425,17,Touring Rear Wheel
426,12,ML Mountain Frame - Black
427,12,ML Mountain Frame - Black
428,12,ML Mountain Frame - Black
429,14,ML Road Frame-W - Yellow
430,14,ML Road Frame-W - Yellow
431,14,ML Road Frame-W - Yellow
432,14,ML Road Frame-W - Yellow
433,14,ML Road Frame-W - Yellow
434,14,ML Road Frame-W - Yellow
435,14,ML Road Frame-W - Yellow
436,14,ML Road Frame-W - Yellow
437,14,HL Road Frame - Black
438,14,HL Road Frame - Black
439,14,HL Road Frame - Black
440,14,HL Road Frame - Black
441,14,HL Road Frame - Black
442,14,HL Road Frame - Black
443,14,HL Road Frame - Black
444,14,HL Road Frame - Black
445,22,Men's Sports Shorts
446,35,Touring-Panniers
447,34,Cable Lock
448,36,Minipump
449,36,Mountain Pump
450,33,Taillights - Battery-Powered
451,33,Headlights - Dual-Beam
452,33,Headlights - Weatherproof
453,22,Men's Sports Shorts
454,22,Men's Sports Shorts
455,22,Men's Sports Shorts
456,24,Women's Tights
457,24,Women's Tights
458,24,Women's Tights
459,18,Men's Bib-Shorts
460,18,Men's Bib-Shorts
461,18,Men's Bib-Shorts
462,20,Half-Finger Gloves
463,20,Half-Finger Gloves
464,20,Half-Finger Gloves
465,20,Half-Finger Gloves
466,20,Half-Finger Gloves
467,20,Half-Finger Gloves
468,20,Full-Finger Gloves
469,20,Full-Finger Gloves
470,20,Full-Finger Gloves
471,25,Classic Vest
472,25,Classic Vest
473,25,Classic Vest
474,22,Women's Mountain Shorts
475,22,Women's Mountain Shorts
476,22,Women's Mountain Shorts
477,28,Water Bottle - 30 oz.
478,28,Mountain Bottle Cage
479,28,Road Bottle Cage
480,37,Patch Kit/8 Patches
481,23,Racing Socks
482,23,Racing Socks
483,26,Hitch Rack - 4-Bike
484,29,Bike Wash - Dissolver
485,30,Fender Set - Mountain
486,27,All-Purpose Bike Stand
487,32,Hydration Pack - 70 oz.
488,21,Short-Sleeve Classic Jersey
489,21,Short-Sleeve Classic Jersey
490,21,Short-Sleeve Classic Jersey
491,21,Short-Sleeve Classic Jersey
492,16,HL Touring Frame - Yellow
493,16,LL Touring Frame - Yellow
494,16,HL Touring Frame - Yellow
495,16,HL Touring Frame - Yellow
496,16,HL Touring Frame - Yellow
497,16,HL Touring Frame - Blue
498,16,HL Touring Frame - Blue
499,16,HL Touring Frame - Blue
500,16,HL Touring Frame - Blue
501,9,Rear Derailleur
502,16,LL Touring Frame - Blue
503,16,LL Touring Frame - Blue
504,16,LL Touring Frame - Blue
505,16,LL Touring Frame - Blue
506,16,LL Touring Frame - Yellow
507,16,LL Touring Frame - Yellow
508,16,LL Touring Frame - Yellow
509,16,LL Touring Frame - Yellow
510,16,LL Touring Frame - Blue
511,12,ML Mountain Frame-W - Silver
512,12,ML Mountain Frame-W - Silver
513,12,ML Mountain Frame-W - Silver
514,6,Rear Brakes
515,15,LL Mountain Seat/Saddle
516,15,ML Mountain Seat/Saddle
517,15,HL Mountain Seat/Saddle
518,15,LL Road Seat/Saddle
519,15,ML Road Seat/Saddle
520,15,HL Road Seat/Saddle
521,15,LL Touring Seat/Saddle
522,15,ML Touring Seat/Saddle
523,15,HL Touring Seat/Saddle
524,12,LL Mountain Frame - Silver
525,12,LL Mountain Frame - Silver
526,12,LL Mountain Frame - Silver
527,12,LL Mountain Frame - Silver
528,37,Mountain Tire Tube
529,37,Road Tire Tube
530,37,Touring Tire Tube
531,12,LL Mountain Frame - Black
532,12,LL Mountain Frame - Black
533,12,LL Mountain Frame - Black
534,12,LL Mountain Frame - Black
535,37,LL Mountain Tire
536,37,ML Mountain Tire
537,37,HL Mountain Tire
538,37,LL Road Tire
539,37,ML Road Tire
540,37,HL Road Tire
541,37,Touring Tire
542,13,LL Mountain Pedal
543,13,ML Mountain Pedal
544,13,HL Mountain Pedal
545,13,LL Road Pedal
546,13,ML Road Pedal
547,13,HL Road Pedal
548,13,Touring Pedal
549,12,ML Mountain Frame-W - Silver
550,12,LL Mountain Frame - Black
551,12,LL Mountain Frame - Silver
552,9,Front Derailleur
553,4,LL Touring Handlebars
554,4,HL Touring Handlebars
555,6,Front Brakes
556,8,LL Crankset
557,8,ML Crankset
558,8,HL Crankset
559,7,Chain
560,3,Touring-2000 Blue
561,3,Touring-1000 Yellow
562,3,Touring-1000 Yellow
563,3,Touring-1000 Yellow
564,3,Touring-1000 Yellow
565,3,Touring-3000 Blue
566,3,Touring-3000 Blue
567,3,Touring-3000 Blue
568,3,Touring-3000 Yellow
569,3,Touring-3000 Yellow
570,3,Touring-3000 Yellow
571,3,Touring-3000 Yellow
572,3,Touring-3000 Yellow
573,3,Touring-1000 Blue
574,3,Touring-1000 Blue
575,3,Touring-1000 Blue
576,3,Touring-1000 Blue
577,3,Touring-2000 Blue
578,3,Touring-2000 Blue
579,3,Touring-2000 Blue
580,2,Road-350-W Yellow
581,2,Road-350-W Yellow
582,2,Road-350-W Yellow
583,2,Road-350-W Yellow
584,2,Road-750 Black
585,3,Touring-3000 Blue
586,3,Touring-3000 Blue
587,1,Mountain-400-W Silver
588,1,Mountain-400-W Silver
589,1,Mountain-400-W Silver
590,1,Mountain-400-W Silver
591,1,Mountain-500 Silver
592,1,Mountain-500 Silver
593,1,Mountain-500 Silver
594,1,Mountain-500 Silver
595,1,Mountain-500 Silver
596,1,Mountain-500 Black
597,1,Mountain-500 Black
598,1,Mountain-500 Black
599,1,Mountain-500 Black
600,1,Mountain-500 Black
601,5,LL Bottom Bracket
602,5,ML Bottom Bracket
603,5,HL Bottom Bracket
604,2,Road-750 Black
605,2,Road-750 Black
606,2,Road-750 Black
